{"name":"fonticon","icons":{"users-add":"ea01","case":"ea02","info":"ea03","sun":"ea04","bell":"ea05","cake":"ea06","popper":"ea07","hour-glass":"ea08","user-add":"ea09","note":"ea0a","support":"ea0b","message":"ea0c","calendar-time":"ea0d","clock-cancel":"ea0e","credits":"ea0f","clock-edit":"ea10","calendar":"ea11","eye":"ea12","delete":"ea13","plus":"ea14","hexagon":"ea15","user":"ea16","user-status":"ea17","user-search":"ea18","user-profile":"ea19","time-off":"ea1a","calendar-heart":"ea1b","organization":"ea1c","connection":"ea1d","people":"ea1e","fingerprint":"ea1f","user-star":"ea20","user-heart":"ea21","user-gear":"ea22","edit":"ea23","calendar-gear":"ea24","calendar-status":"ea25","dashboard":"ea26","assign-db":"ea27","calendar-fill":"ea28"}}